Nombre;Equipo;Tiros;Tiros P.;Asis.;Reg. E.;Reg. F.;Goles;G. Ar.;G. F. Ar.;G. Iz.;G. Der.;G. Pen.;G. Cab.;G. B.P.;G.P.P.
Aarón Martín;ESP;4;2;0;35;17;0;0;0;0;0;0;0;0;0
Achraf Hakimi;RMA;3;3;0;22;9;2;2;0;0;2;0;0;0;0
Aday;GIR;25;14;0;27;15;2;2;0;0;2;1;0;0;1
Adnan Januzaj;RSO;40;14;5;67;57;3;3;0;3;0;0;0;0;0
Adrián;DEP;47;20;6;38;31;9;9;0;1;4;0;3;0;0
Adrián;MGA;26;12;0;8;5;3;3;0;2;0;1;1;0;0
Adrián Marín;VIL;0;0;0;2;3;0;0;0;0;0;0;0;0;0
Aduriz;ATH;52;28;1;19;5;9;9;0;0;6;3;3;0;0
Adán;BET;0;0;2;5;0;0;0;0;0;0;0;0;0;0
Agirretxe;RSO;5;2;0;3;0;0;0;0;0;0;0;0;0;0
Aissa Mandi;BET;11;2;0;13;3;1;1;0;0;0;0;1;0;0
Aketxe;ATH;1;0;0;0;1;0;0;0;0;0;0;0;0;0
Alberto Aquilani;LPA;9;4;0;7;2;0;0;0;0;0;0;0;0;0
Alberto Redondo;GET;0;0;0;0;0;0;0;0;0;0;0;0;0;0
Alcalá;GIR;7;3;0;5;0;1;1;0;0;0;0;0;0;0
Alcácer;BAR;13;7;3;3;7;4;4;0;1;2;0;0;0;0
Aleix García;GIR;8;3;0;6;2;1;0;1;0;1;0;0;1;0
Aleix Vidal;BAR;8;6;1;3;7;1;1;0;0;1;0;0;0;0
Alejandro Robles;MGA;0;0;0;0;0;0;0;0;0;0;0;0;0;0
Alexis;ALA;9;3;0;6;2;1;1;0;0;0;0;1;0;1
Aly Abeid;LEV;0;0;0;1;0;0;0;0;0;0;0;0;0;0
Amath;GET;30;13;3;43;55;3;3;0;0;3;0;0;0;0
Amrabat;LEG;29;18;4;40;31;2;1;1;0;2;0;0;0;0
Andone;DEP;49;22;3;17;32;7;7;0;0;2;0;3;0;0
Andoni López;ATH;1;0;0;1;0;0;0;0;0;0;0;0;0;0
Andreas Pereira;VAL;10;6;3;17;20;1;0;1;0;1;0;0;0;0
Andrew Hjulsager;CEL;0;0;0;0;0;0;0;0;0;0;0;0;0;0
André Gomes;BAR;2;0;0;9;12;0;0;0;0;0;0;0;0;0
Andrés;MGA;0;0;0;1;0;0;0;0;0;0;0;0;0;0
Andrés Fdez;VIL;0;0;0;0;0;0;0;0;0;0;0;0;0;0
Antonio Luna;LEV;1;0;2;10;5;0;0;0;0;0;0;0;0;0
Antunes;GET;19;3;2;18;21;0;0;0;0;0;0;0;0;0
Arana;SEV;0;0;0;0;1;0;0;0;0;0;0;0;0;1
Arbilla;EIB;13;4;1;20;1;2;0;2;0;2;0;0;2;1
Aritz Elustondo;RSO;10;5;2;3;5;3;3;0;1;1;0;0;0;0
Arona Sané;ATM;1;1;0;0;2;0;0;0;0;0;0;0;0;0
Axel Werner;ATM;0;0;0;0;0;0;0;0;0;0;0;0;0;0
Aythami Artiles;LPA;0;0;0;0;0;0;0;0;0;0;0;0;0;0
Bacca;VIL;57;35;6;34;18;15;14;1;0;11;1;1;0;0
Bakkali;DEP;19;6;0;17;17;0;0;0;0;0;0;0;0;0
Bale;RMA;65;33;2;31;21;16;14;2;13;2;1;1;0;0
Balenziaga;ATH;3;0;2;14;10;0;0;0;0;0;0;0;0;0
Banega;SEV;29;13;3;83;38;3;3;0;0;2;3;0;0;0
Barbosa;VIL;0;0;0;0;0;0;0;0;0;0;0;0;0;0
Barragán;BET;7;4;6;14;23;0;0;0;0;0;0;0;0;0
Bartra;BET;11;4;0;22;2;1;1;0;0;0;0;1;0;0
Beauvue;LEG;30;9;0;13;10;2;2;0;0;0;0;0;0;0
Bebé;EIB;6;1;1;8;9;0;0;0;0;0;0;0;0;0
Ben Yedder;SEV;39;28;3;16;14;9;9;0;7;1;0;0;0;0
Benzema;RMA;48;18;10;33;16;5;5;0;0;4;2;1;0;0
Bernardo;GIR;19;4;3;2;2;0;0;0;0;0;0;0;0;0
Beñat;ATH;10;3;2;6;6;0;0;0;0;0;0;0;0;0
Bigas;LPA;3;1;0;10;2;0;0;0;0;0;0;0;0;0
Boateng;LEV;35;16;0;15;9;6;5;1;2;4;0;0;0;0
Bojan;ALA;5;4;0;9;2;0;0;0;0;0;0;0;0;0
Bonera;VIL;2;0;1;1;0;0;0;0;0;0;0;0;0;0
Borja Bastón;MGA;21;10;0;3;7;2;2;0;0;2;1;0;0;0
Borja G.;GIR;40;10;5;40;41;2;1;1;0;2;0;0;0;0
Borja H.;LPA;1;0;0;2;3;0;0;0;0;0;0;0;0;0
Borja Lasso;SEV;0;0;0;1;1;0;0;0;0;0;0;0;0;0
Borja Mayoral;RMA;14;12;1;7;2;3;3;0;0;1;0;1;0;0
Borja Valle;DEP;13;7;2;0;4;3;3;0;0;3;0;0;0;0
Bounou;GIR;0;0;0;1;0;0;0;0;0;0;0;0;0;0
Bruno;GET;3;0;0;1;0;0;0;0;0;0;0;0;0;0
Bruno Gama;DEP;1;0;0;2;2;0;0;0;0;0;0;0;0;0
Bueno;MGA;4;1;0;2;1;0;0;0;0;0;0;0;0;0
Burgui;ALA;8;4;0;21;15;1;0;1;0;1;0;0;0;0
Bustinza M.;LEG;13;9;0;3;3;2;2;0;0;0;0;2;0;0
Bóveda;DEP;0;0;1;3;4;0;0;0;0;0;0;0;0;1
Cabrera;GET;2;1;0;3;0;0;0;0;0;0;0;0;0;0
Calleri;LPA;77;28;3;31;33;9;8;1;1;6;5;2;0;0
Camarasa;BET;19;4;0;11;9;1;1;0;0;0;0;1;0;1
Campaña;LEV;17;8;4;36;28;1;1;0;0;1;0;0;0;0
Campbell;BET;5;4;1;9;5;2;2;0;2;0;0;0;0;0
Canales;RSO;44;15;5;44;22;4;3;1;2;2;0;0;0;0
Capa;EIB;4;1;1;34;27;0;0;0;0;0;0;0;0;0
Carles Gil;DEP;7;2;1;2;8;0;0;0;0;0;0;0;0;0
Carlos Fernández;SEV;5;2;0;0;0;1;0;1;1;0;0;0;0;0
Carlos Isaac;ATM;1;0;0;1;1;0;0;0;0;0;0;0;0;0
Carlos Martínez;RSO;0;0;0;0;1;0;0;0;0;0;0;0;0;0
Carlos Soler;VAL;37;17;4;26;30;1;1;0;1;0;0;0;0;0
Carlos Sánchez ;ESP;2;0;0;9;1;0;0;0;0;0;0;0;0;0
Carriço;SEV;1;0;0;0;0;0;0;0;0;0;0;0;0;0
Carvajal;RMA;11;6;2;32;14;0;0;0;0;0;0;0;0;0
Casemiro;RMA;26;12;3;11;6;5;5;0;1;1;0;2;0;0
Celso Borges ;DEP;22;8;3;14;3;3;3;0;0;1;0;2;0;0
Champagne;LEG;0;0;0;0;0;0;0;0;0;0;0;0;0;0
Charles;EIB;39;16;1;4;6;8;8;0;1;1;1;3;0;0
Cheik Doukouré;LEV;12;1;0;1;1;1;1;0;0;0;0;1;0;0
Chema;LEV;7;3;1;1;0;1;0;1;1;0;0;0;0;1
Chichizola;LPA;0;0;0;5;0;0;0;0;0;0;0;0;0;0
Chory Castro;MGA;22;9;2;28;23;4;3;1;3;1;1;0;0;0
Christian Santos;ALA;7;5;0;0;0;2;2;0;1;0;0;1;0;0
Chéryshev;VIL;25;9;1;16;17;2;2;0;2;0;0;0;0;0
Cifu;MGA;0;0;0;1;4;0;0;0;0;0;0;0;0;0
Clement Lenglet;SEV;12;5;1;12;2;3;3;0;0;0;0;2;0;0
Coke;LEV;10;5;0;19;9;3;3;0;0;2;0;1;0;0
Corchia;SEV;5;3;1;5;5;0;0;0;0;0;0;0;0;0
Correa;SEV;20;6;1;40;35;1;1;0;1;0;0;0;0;0
Cote;EIB;11;0;8;27;11;0;0;0;0;0;0;0;0;0
Coutinho;BAR;28;20;5;45;31;8;4;4;0;8;0;0;0;0
Cuéllar;LEG;0;0;0;0;0;0;0;0;0;0;0;0;0;0
D. Torres;ALA;4;2;0;9;1;0;0;0;0;0;0;0;0;0
Dakonam Djené;GET;9;2;0;30;3;1;1;0;0;0;0;1;0;0
Damián Suárez;GET;8;5;4;34;49;1;0;1;0;1;0;0;1;0
Dani Castellano;LPA;3;0;2;24;16;0;0;0;0;0;0;0;0;0
Dani Ceballos;RMA;6;4;0;10;8;2;2;0;0;0;0;0;0;0
Dani García;EIB;15;1;1;8;7;0;0;0;0;0;0;0;0;0
Dani Giménez;BET;0;0;0;1;0;0;0;0;0;0;0;0;0;0
Dani Parejo;VAL;38;21;7;46;14;7;6;1;0;6;6;0;1;0
Darder;ESP;18;8;2;34;14;1;1;0;0;1;0;0;0;0
Darko;LEG;9;5;0;10;12;2;2;0;1;1;0;0;0;0
David Alba;GET;0;0;0;0;0;0;0;0;0;0;0;0;0;0
David García;LPA;5;3;0;5;0;1;1;0;0;1;0;0;0;0
David Lombán;EIB;3;1;0;0;0;1;1;0;0;0;0;1;0;0
David López;ESP;13;6;0;7;5;1;1;0;0;0;0;1;0;0
David Simón;LPA;3;1;0;13;13;0;0;0;0;0;0;0;0;0
David Soria;SEV;0;0;0;0;0;0;0;0;0;0;0;0;0;0
De la Bella;RSO;5;1;1;9;8;0;0;0;0;0;0;0;0;0
De Marcos;ATH;12;8;2;11;8;1;0;1;1;0;0;0;0;0
Dembélé;BAR;15;10;6;40;27;3;3;0;3;0;0;0;0;0
Denis Suárez;BAR;9;5;2;21;15;2;2;0;0;0;0;0;0;0
Diego Costa;ATM;18;10;3;15;17;3;3;0;0;3;0;0;0;0
Diego González;MGA;13;3;0;1;2;1;1;0;0;0;0;1;0;0
Diego López;ESP;0;0;0;0;0;0;0;0;0;0;0;0;0;0
Diego Rolan;MGA;30;17;0;42;49;5;5;0;0;2;0;0;0;0
Diop;EIB;11;1;0;8;3;0;0;0;0;0;0;0;0;0
Diéguez;ALA;2;0;0;9;0;0;0;0;0;0;0;0;0;0
Dmitrović;EIB;0;0;0;5;1;0;0;0;0;0;0;0;0;0
Douglas Luiz;GIR;9;5;0;4;0;0;0;0;0;0;0;0;0;0
Duarte;ALA;4;0;2;10;5;0;0;0;0;0;0;0;0;0
Dídac;ESP;5;3;0;6;3;0;0;0;0;0;0;0;0;0
El Zhar;LEG;30;14;2;49;44;2;2;0;1;1;0;0;0;0
Eloi Amagat;GIR;1;0;0;0;0;0;0;0;0;0;0;0;0;0
Emiliano Martínez;GET;0;0;0;0;0;0;0;0;0;0;0;0;0;0
Emre Mor;CEL;10;5;2;44;22;1;1;0;1;0;0;0;0;0
Emre Çolak;DEP;15;8;1;33;15;1;1;0;1;0;0;0;0;0
Enes Ünal;VIL;39;23;3;9;18;6;6;0;3;0;0;2;0;0
Enis Bardhi;LEV;27;13;1;23;18;9;3;6;1;7;0;0;5;0
Eraso;LEG;24;13;3;10;12;4;4;0;0;2;0;1;0;0
Erick Cabaco;LEV;2;2;0;2;2;0;0;0;0;0;0;0;0;0
Erik Exposito;LPA;7;2;0;5;3;1;1;0;1;0;0;0;0;0
Escalante;EIB;17;5;0;15;6;1;1;0;0;0;0;1;0;0
Escudero;SEV;13;4;2;26;12;0;0;0;0;0;0;0;0;0
Etebo;LPA;13;3;1;25;6;0;0;0;0;0;0;0;0;0
Etxeita;ATH;4;1;0;0;0;1;1;0;0;1;0;0;0;0
Ezequiel Garay;VAL;5;1;0;0;0;0;0;0;0;0;0;0;0;0
Fabian Schär;DEP;17;6;2;14;6;2;2;0;0;2;0;0;0;0
Fabián;BET;27;17;6;69;22;3;0;3;3;0;0;0;0;0
Facundo Roncaglia;CEL;5;1;0;9;0;0;0;0;0;0;0;0;0;0
Fahad Al-Muwallad;LEV;0;0;0;0;1;0;0;0;0;0;0;0;0;0
Fajr ;GET;17;10;4;19;8;1;0;1;0;0;0;0;0;0
Feddal;BET;5;3;0;3;0;3;3;0;0;0;0;3;0;1
Fede Cartabia;DEP;24;9;1;35;17;2;1;1;2;0;0;0;0;0
Fede Valverde;DEP;14;4;0;7;6;0;0;0;0;0;0;0;0;0
Fernando Navarro;DEP;0;0;0;8;0;0;0;0;0;0;0;0;0;0
Fernando Torres;ATM;25;13;0;17;17;5;5;0;1;4;0;0;0;0
Ferrán Torres;VAL;3;2;1;8;2;0;0;0;0;0;0;0;0;0
Filipe Luis;ATM;5;2;2;26;18;1;1;0;0;1;0;0;0;0
Fontàs;CEL;1;0;1;0;0;0;0;0;0;0;0;0;0;0
Francesc Regis;EIB;0;0;0;0;0;0;0;0;0;0;0;0;0;0
Francis Coquelin;VAL;3;3;0;14;4;1;1;0;0;0;0;1;0;0
Franco Vázquez;SEV;42;13;6;32;24;4;3;1;3;0;0;1;0;0
G. Cabral;CEL;7;2;1;1;0;1;1;0;0;0;0;1;0;0
Gabi;ATM;7;1;1;10;5;0;0;0;0;0;0;0;0;0
Gabriel;LEG;33;15;2;49;29;5;5;0;5;0;1;0;0;0
Gabriel;VAL;15;4;0;5;0;0;0;0;0;0;0;0;0;0
Gabriel Mercado;SEV;14;7;1;4;3;0;0;0;0;0;0;0;0;0
Gaku Shibasaki;GET;7;3;0;12;5;1;0;1;1;0;0;0;0;0
Gameiro;ATM;16;14;2;9;6;7;7;0;1;6;2;0;0;0
Ganso;SEV;6;3;0;4;4;2;2;0;1;0;0;0;0;0
Gayá;VAL;11;3;3;38;24;0;0;0;0;0;0;0;0;0
Gerard;DEP;1;0;0;2;2;0;0;0;0;0;0;0;0;0
Gerard;ESP;85;48;1;63;50;16;15;1;12;3;1;1;0;0
Giménez;ATM;12;2;1;6;2;1;1;0;0;0;0;1;0;0
Godín;ATM;12;5;0;6;1;0;0;0;0;0;0;0;0;0
Gonçalo Guedes;VAL;42;22;9;81;48;5;3;2;0;2;0;0;0;0
Granell;GIR;32;8;7;48;8;1;0;1;1;0;0;0;0;0
Granero;ESP;12;2;2;9;8;1;0;1;0;1;0;0;1;0
Griezmann;ATM;61;40;9;28;18;19;17;2;12;5;2;1;1;0
Guaita;GET;0;0;0;0;0;0;0;0;0;0;0;0;0;0
Guardado;BET;30;9;8;22;11;2;1;1;2;0;1;0;1;0
Guidetti;ALA;29;14;3;8;4;3;2;1;1;2;0;0;0;0
Guido Pizarro;SEV;9;4;0;21;10;1;1;0;0;0;0;1;0;0
Guilherme ;DEP;29;2;0;26;9;0;0;0;0;0;0;0;0;1
Guillermo Maripán;ALA;3;1;0;10;1;0;0;0;0;0;0;0;0;0
Gumbau;LEG;12;6;0;6;1;1;0;1;1;0;0;0;0;0
Gálvez;LPA;16;5;0;10;2;1;1;0;0;0;0;1;0;0
H.Moreno;RSO;8;4;0;0;0;1;1;0;1;0;0;0;0;0
Halilović;LPA;29;15;1;31;19;2;1;1;2;0;0;0;0;0
Hermoso;ESP;10;4;0;5;3;1;1;0;0;0;0;1;0;2
Hernán;LPA;4;2;0;0;0;0;0;0;0;0;0;0;0;0
Hernán Pérez;ALA;6;2;0;12;16;0;0;0;0;0;0;0;0;0
Hernán Toledo;LPA;1;1;1;26;22;0;0;0;0;0;0;0;0;0
Hugo Mallo;CEL;18;8;5;19;15;0;0;0;0;0;0;0;0;0
Héctor;ALA;0;0;0;0;0;0;0;0;0;0;0;0;0;0
I. Martínez;ATH;14;5;1;11;2;1;1;0;0;0;0;1;0;0
Iago Aspas;CEL;72;44;5;58;34;22;21;1;13;6;2;1;1;0
Iago Herrerín;ATH;0;0;0;0;0;0;0;0;0;0;0;0;0;0
Ibai;ALA;39;24;6;38;42;7;5;2;1;6;1;0;0;0
Ideye;MGA;9;3;0;5;7;1;1;0;0;1;0;0;0;0
Igor Zubeldia;RSO;12;3;2;9;1;1;1;0;0;1;0;0;0;0
Illarramendi;RSO;26;11;5;30;9;7;5;2;1;4;0;0;1;0
Imoh Ezekiel;LPA;5;3;0;7;6;0;0;0;0;0;0;0;0;0
Iniesta;BAR;13;6;2;63;14;1;1;0;1;0;0;0;0;0
Inui;EIB;43;21;2;40;47;5;4;1;2;3;0;0;0;0
Iraizoz;GIR;0;0;0;0;0;0;0;0;0;0;0;0;0;1
Isco;RMA;32;20;7;58;25;7;6;1;1;6;0;0;1;0
Iturra;MGA;2;1;0;19;7;0;0;0;0;0;0;0;0;0
Iturraspe;ATH;5;1;0;5;1;0;0;0;0;0;0;0;0;0
Ivi;LEV;27;10;3;33;31;4;3;1;0;2;1;0;0;0
Iván Alejo;EIB;9;3;3;33;39;1;0;1;0;1;0;0;0;0
Iván López;LEV;1;0;1;4;0;0;0;0;0;0;0;0;0;0
Iñigo Lekue;ATH;14;5;1;43;32;0;0;0;0;0;0;0;0;0
J. Costa;VIL;9;3;0;26;12;0;0;0;0;0;0;0;0;0
J. Naranjo;LEG;8;3;0;6;12;1;1;0;0;1;0;0;0;0
J. Ontiveros;MGA;6;3;0;14;18;0;0;0;0;0;0;0;0;0
Jaime Sierra;LEG;0;0;0;0;0;0;0;0;0;0;0;0;0;0
Jairo;LPA;6;1;0;10;6;0;0;0;0;0;0;0;0;0
Jason;LEV;23;10;2;25;46;1;1;0;1;0;0;0;0;0
Jasper Cillessen;BAR;0;0;0;0;0;0;0;0;0;0;0;0;0;0
Jaume;VAL;0;0;0;0;0;0;0;0;0;0;0;0;0;0
Javi Castellano;LPA;3;2;0;7;5;0;0;0;0;0;0;0;0;0
Javi Fuego;VIL;4;2;0;5;3;0;0;0;0;0;0;0;0;0
Javi García;BET;7;1;0;13;4;1;1;0;0;1;0;0;0;0
Javi López;ESP;2;0;0;7;7;0;0;0;0;0;0;0;0;0
Jefferson Lerma;LEV;18;1;1;19;3;0;0;0;0;0;0;0;0;0
Jesús Navas;SEV;16;5;0;16;12;1;0;1;0;0;0;0;0;0
Jesús Vallejo;RMA;0;0;0;5;1;0;0;0;0;0;0;0;0;0
Joan Jordán;EIB;30;17;4;42;22;6;5;1;2;3;1;1;0;0
Joaquín;BET;27;14;7;64;29;4;3;1;0;3;0;1;0;0
Johannes Geis;SEV;5;1;1;0;2;0;0;0;0;0;0;0;0;0
Jon Bautista;RSO;6;3;0;1;0;1;1;0;1;0;0;0;0;0
Jon Guridi;RSO;0;0;0;0;0;0;0;0;0;0;0;0;0;0
Jonny;CEL;8;4;1;46;28;2;2;0;1;1;0;0;0;0
Jony;MGA;5;2;0;5;11;0;0;0;0;0;0;0;0;0
Jordi Alba;BAR;11;5;8;23;10;2;2;0;1;1;0;0;0;0
Jordi Amat;BET;3;1;0;18;4;0;0;0;0;0;0;0;0;1
Jorge Molina;GET;54;26;4;23;43;7;7;0;1;6;3;0;0;0
Jose Arnáiz;BAR;0;0;0;0;0;0;0;0;0;0;0;0;0;0
José Lara;SEV;0;0;0;1;0;0;0;0;0;0;0;0;0;0
Jozabed;CEL;16;5;4;6;4;0;0;0;0;0;0;0;0;0
Juan Cruz;MGA;0;0;0;1;0;0;0;0;0;0;0;0;0;0
Juanfran;ATM;1;0;1;7;7;0;0;0;0;0;0;0;0;0
Juanfran;DEP;16;7;1;47;25;0;0;0;0;0;0;0;0;0
Juanjo Narváez;BET;1;0;0;3;1;0;0;0;0;0;0;0;0;0
Juankar;MGA;0;0;0;6;5;0;0;0;0;0;0;0;0;0
Juanmi;RSO;28;13;2;11;16;8;8;0;0;4;0;1;0;0
Juanpe;GIR;17;11;1;4;0;5;5;0;1;0;0;4;0;0
Juanpi;MGA;12;4;2;9;14;0;0;0;0;0;0;0;0;0
Julio Gracia;BET;1;0;0;0;0;0;0;0;0;0;0;0;0;0
Juncà;EIB;3;0;2;10;3;0;0;0;0;0;0;0;0;0
Jurado;ESP;9;2;3;35;23;0;0;0;0;0;0;0;0;0
Keko;MGA;11;5;2;10;8;0;0;0;0;0;0;0;0;0
Kepa;ATH;0;0;0;0;0;0;0;0;0;0;0;0;0;0
Kevin Soni;GIR;0;0;0;1;1;0;0;0;0;0;0;0;0;0
Keylor Navas;RMA;0;0;0;0;0;0;0;0;0;0;0;0;0;0
Kike;EIB;55;27;1;13;17;8;8;0;6;1;0;1;0;0
Kiko Casilla;RMA;0;0;0;0;0;0;0;0;0;0;0;0;0;0
Koke;ATM;21;14;4;20;7;4;3;1;0;2;0;0;0;0
Kondogbia;VAL;19;8;4;55;9;4;2;2;3;0;0;1;0;0
Kovačić;RMA;6;2;1;33;4;0;0;0;0;0;0;0;0;0
Krohn-Dehli;DEP;11;3;1;15;3;1;0;1;0;1;0;0;0;0
Kévin Rodrigues;RSO;10;3;2;14;10;1;1;0;1;0;0;0;0;1
Lacen;MGA;5;1;0;5;3;0;0;0;0;0;0;0;0;0
Laguardia;ALA;5;2;0;1;0;2;2;0;0;0;0;2;0;1
Lato;VAL;1;0;1;8;1;0;0;0;0;0;0;0;0;0
Llorente R.;RSO;21;7;0;16;2;3;3;0;0;0;0;2;0;0
Lobotka;CEL;6;3;0;44;4;0;0;0;0;0;0;0;0;0
Loren;BET;20;14;0;19;14;7;6;1;0;6;0;1;0;0
Lozano;GIR;13;8;0;11;8;1;0;1;0;1;0;0;0;0
Loïc Remy;GET;35;22;0;27;12;8;6;2;1;5;1;0;0;0
Lucas Boyé;CEL;4;2;0;9;8;0;0;0;0;0;0;0;0;0
Lucas Digne;BAR;2;1;2;3;3;0;0;0;0;0;0;0;0;0
Lucas Hernández;ATM;5;1;1;30;8;0;0;0;0;0;0;0;0;0
Lucas Pérez;DEP;41;26;6;32;38;8;8;0;7;0;3;1;0;0
Lucas Vázquez;RMA;25;17;7;36;30;4;4;0;1;2;0;1;0;0
Luis H. ;MGA;3;0;1;3;0;0;0;0;0;0;0;0;0;0
Luis Muriel;SEV;45;21;1;28;30;7;7;0;1;4;0;1;0;0
Luis Suárez;BAR;94;56;12;38;64;25;25;0;4;19;1;2;0;0
Luisinho;DEP;11;4;1;43;18;1;0;1;1;0;0;0;0;0
Léo Baptistão;ESP;63;28;3;30;50;8;8;0;1;4;0;2;0;0
M. Guerrero;LEG;27;12;3;9;13;4;4;0;1;1;0;1;0;0
M. Gómez;CEL;61;38;4;14;15;17;17;0;0;4;0;9;0;0
M. M. Dos Santos;LEG;1;1;0;1;1;0;0;0;0;0;0;0;0;0
M. Navarro;ESP;14;5;0;9;20;1;1;0;0;1;0;0;0;0
M. Trigueros;VIL;24;8;4;33;13;3;2;1;0;2;1;1;0;0
Maksím Kóval;DEP;0;0;0;0;0;0;0;0;0;0;0;0;0;0
Mantovani;LEG;5;1;0;2;0;1;1;0;1;0;0;0;0;0
Manu García;ALA;21;8;0;18;9;3;3;0;1;1;0;1;0;0
Marc Roca;ESP;3;0;0;2;1;0;0;0;0;0;0;0;0;0
Marcelo;RMA;25;9;6;33;29;2;2;0;2;0;0;0;0;0
Marco Asensio;RMA;40;23;6;31;14;6;3;3;5;0;0;1;1;0
Marcos Llorente;RMA;6;0;0;7;2;0;0;0;0;0;0;0;0;0
Mario Gaspar;VIL;23;10;3;22;24;2;2;0;1;0;0;1;0;0
Markel Bergara;GET;14;9;1;2;0;4;3;1;1;1;0;1;0;0
Mathieu Flamini;GET;1;1;0;1;0;0;0;0;0;0;0;0;0;0
Mathías Olivera;GET;1;1;0;2;1;1;1;0;0;0;0;1;0;0
Matías Aguirregaray;LPA;6;0;0;14;9;0;0;0;0;0;0;0;0;0
Mauro Arambarri;GET;13;3;1;13;11;1;0;1;0;0;0;0;0;0
Maxime Lestienne;MGA;11;1;1;10;8;0;0;0;0;0;0;0;0;0
Mazan;CEL;2;1;0;1;1;0;0;0;0;0;0;0;0;0
Melendo;ESP;5;2;1;8;7;0;0;0;0;0;0;0;0;0
Messi;BAR;153;96;12;185;72;34;26;8;32;2;2;0;6;0
Michel Macedo;LPA;6;3;1;14;8;0;0;0;0;0;0;0;0;0
Miguel Layún;SEV;15;5;0;8;3;2;2;0;0;2;0;0;0;0
Miguel Torres;MGA;1;0;0;0;1;0;0;0;0;0;0;0;0;0
Miguel Ángel Rubio;GET;0;0;0;0;0;0;0;0;0;0;0;0;0;0
Mikel Oyarzabal;RSO;49;32;5;40;42;12;11;1;10;2;0;0;0;0
Mikel Rico;ATH;11;1;0;10;8;0;0;0;0;0;0;0;0;0
Miquel;MGA;8;1;0;10;2;0;0;0;0;0;0;0;0;0
Modrić;RMA;26;8;6;48;15;1;0;1;0;1;0;0;0;0
Mojica;GIR;11;2;4;47;69;0;0;0;0;0;0;0;0;0
Molinero;GET;1;0;0;3;1;0;0;0;0;0;0;0;0;0
Momo;LPA;4;1;1;7;4;0;0;0;0;0;0;0;0;0
Montoya;VAL;5;5;4;19;14;0;0;0;0;0;0;0;0;0
Morales;LEV;45;25;8;91;93;10;10;0;3;6;3;0;0;0
Moyà;RSO;0;0;0;0;0;0;0;0;0;0;0;0;0;0
Mujaid Sadick;DEP;0;0;0;0;0;0;0;0;0;0;0;0;0;0
Muniain ;ATH;16;10;2;22;14;4;4;0;1;1;0;1;0;0
Muniesa;GIR;2;1;1;5;2;0;0;0;0;0;0;0;0;0
Munir;ALA;51;23;6;28;22;10;8;2;7;1;0;2;1;0
Murillo;VAL;1;0;0;3;0;0;0;0;0;0;0;0;0;0
Muñoz;LEG;5;2;1;3;0;0;0;0;0;0;0;0;0;0
N'Zonzi;SEV;15;5;2;13;3;1;0;1;0;1;0;0;0;0
N. Semedo;BAR;3;2;0;28;18;0;0;0;0;0;0;0;0;0
Nacho;RMA;8;4;0;6;4;3;3;0;2;1;0;0;0;1
Nacho Gil;LPA;4;3;1;10;11;0;0;0;0;0;0;0;0;0
Nahuel;BET;2;1;0;9;2;0;0;0;0;0;0;0;0;0
Naldo;ESP;1;0;0;2;0;0;0;0;0;0;0;0;0;0
Nano;LEV;6;2;0;2;2;0;0;0;0;0;0;0;0;0
Nemanja Maksimovic;VAL;7;2;0;6;4;0;0;0;0;0;0;0;0;0
Neto;VAL;1;0;0;0;0;0;0;0;0;0;0;0;0;0
Nolito;SEV;33;18;5;27;27;4;4;0;0;2;0;1;0;0
O. Duarte;ESP;2;0;0;1;0;0;0;0;0;0;0;0;0;0
Oblak ;ATM;0;0;0;3;0;0;0;0;0;0;0;0;0;0
Oier;LEV;0;0;0;2;0;0;0;0;0;0;0;0;0;0
Olunga;GIR;12;6;1;3;3;3;3;0;2;1;0;0;0;0
Omar R.;LEG;6;2;1;33;26;0;0;0;0;0;0;0;0;0
Orellana;EIB;19;5;2;33;60;3;3;0;1;2;0;0;0;0
P. Hernández ;CEL;14;3;2;18;9;3;3;0;3;0;0;0;0;0
P. León;EIB;17;8;3;18;14;0;0;0;0;0;0;0;0;0
P. Mosquera;DEP;9;3;2;9;4;0;0;0;0;0;0;0;0;0
Pablo Fornals;VIL;33;14;12;26;26;3;2;1;1;1;0;1;0;0
Pablo Maffeo;GIR;20;7;1;33;28;0;0;0;0;0;0;0;0;0
Pablo Sarabia;SEV;42;27;5;21;24;6;5;1;3;3;1;0;0;0
Pacheco;GET;0;0;0;4;2;0;0;0;0;0;0;0;0;0
Pacheco;ALA;0;0;0;1;0;0;0;0;0;0;0;0;0;0
Pareja;SEV;0;0;0;0;0;0;0;0;0;0;0;0;0;0
Pau López;ESP;0;0;0;0;0;0;0;0;0;0;0;0;0;0
Paulinho;BAR;38;22;2;25;18;9;9;0;0;8;0;1;0;0
Paulo;EIB;10;3;0;2;0;0;0;0;0;0;0;0;0;1
Pazzini;LEV;5;4;0;3;2;1;1;0;0;1;0;0;0;0
Pedraza;ALA;29;13;5;43;55;3;3;0;3;0;0;0;0;0
Pedro López;LEV;2;0;0;7;15;0;0;0;0;0;0;0;0;0
Pere Pons;GIR;9;4;2;41;16;0;0;0;0;0;0;0;0;0
Peñalba;LPA;4;0;0;6;2;0;0;0;0;0;0;0;0;0
Peñaranda;MGA;17;6;0;15;14;0;0;0;0;0;0;0;0;0
Piatti;ESP;21;6;3;24;25;2;2;0;2;0;1;0;0;0
Piqué;BAR;13;5;0;13;3;2;2;0;0;0;0;2;0;0
Planas;GIR;1;0;1;0;1;0;0;0;0;0;0;0;0;0
Portillo;GET;12;8;3;36;40;2;2;0;0;2;1;0;0;0
Portu;GIR;41;25;5;50;68;11;11;0;2;8;0;1;0;0
Postigo;LEV;4;2;0;9;2;1;1;0;0;1;0;0;0;1
R. Albentosa;DEP;10;2;0;2;1;1;1;0;0;0;0;1;0;0
Radoja;CEL;4;2;1;11;5;0;0;0;0;0;0;0;0;0
Rafa Navarro;BET;1;1;0;3;1;0;0;0;0;0;0;0;0;0
Rakitić;BAR;20;11;5;26;8;1;1;0;1;0;0;0;0;0
Ramalho;GIR;6;1;0;13;3;0;0;0;0;0;0;0;0;1
Ramis ;EIB;10;7;0;4;0;3;3;0;0;0;0;3;0;0
Raúl C.;LEG;7;1;2;11;8;0;0;0;0;0;0;0;0;0
Raúl García;ATH;68;34;1;12;8;10;9;1;2;5;3;3;0;0
Raúl Lizoain;LPA;0;0;0;0;0;0;0;0;0;0;0;0;0;0
Raúl Navas;RSO;11;2;1;6;0;0;0;0;0;0;0;0;0;0
Recio;MGA;17;4;2;17;11;1;1;0;0;0;1;0;0;0
Ricca;MGA;4;3;1;7;1;0;0;0;0;0;0;0;0;0
Rico;LEG;17;8;2;20;15;2;1;1;2;0;0;0;0;0
Riesgo;EIB;0;0;0;0;0;0;0;0;0;0;0;0;0;0
Rivera;EIB;1;0;0;2;0;0;0;0;0;0;0;0;0;0
Riza Durmisi;BET;13;6;3;8;12;2;2;0;1;1;0;0;0;0
Roberto;MGA;1;0;0;0;0;0;0;0;0;0;0;0;0;0
Roberto Rosales ;MGA;13;6;0;18;16;1;1;0;0;1;0;0;0;0
Roberto Soriano;VIL;17;6;0;14;7;0;0;0;0;0;0;0;0;0
Rochina;LEV;6;1;0;5;3;1;0;1;1;0;0;0;0;0
Rodri;VIL;24;10;3;25;3;1;1;0;0;1;0;0;0;0
Rodrigo;VAL;71;40;4;44;33;16;13;3;10;1;1;5;0;0
Rodrigo Ely;ALA;15;4;0;3;0;1;1;0;0;0;0;1;0;0
Roger;LEV;20;8;2;13;5;3;3;0;0;3;1;0;0;0
Roger Martínez;VIL;5;3;0;6;4;1;1;0;0;1;0;0;0;0
Rolón;MGA;2;0;0;4;1;0;0;0;0;0;0;0;0;0
Ronaldo;RMA;140;77;5;31;20;26;26;0;7;14;3;5;0;0
Roque Mesa;SEV;0;0;0;3;0;0;0;0;0;0;0;0;0;0
Rubén;DEP;0;0;0;0;0;0;0;0;0;0;0;0;0;0
Rubén Blanco;CEL;0;0;0;0;0;0;0;0;0;0;0;0;0;0
Rubén Castro;BET;8;5;1;1;3;1;1;0;0;1;1;0;0;0
Rubén Pardo;RSO;1;0;1;3;2;0;0;0;0;0;0;0;0;0
Rubén Peña;EIB;9;2;0;20;20;1;0;1;0;1;0;0;0;0
Rubén Pérez J.;LEG;13;1;0;27;8;0;0;0;0;0;0;0;0;0
Rukavina;VIL;2;0;0;1;2;0;0;0;0;0;0;0;0;0
Rulli;RSO;0;0;0;0;0;0;0;0;0;0;0;0;0;0
Ryad Boudebouz;BET;14;12;3;38;26;2;1;1;1;1;0;0;0;0
Róber;LEV;6;1;0;8;0;0;0;0;0;0;0;0;0;1
Rúben Semedo;VIL;1;0;0;1;1;0;0;0;0;0;0;0;0;0
S. Asenjo ;VIL;0;0;0;1;0;0;0;0;0;0;0;0;0;0
S. Castillejo;VIL;41;19;5;47;59;6;4;2;5;1;0;0;0;0
S. García;ESP;33;17;6;22;25;2;2;0;0;2;0;0;0;0
S. Sánchez;ESP;1;0;0;0;0;0;0;0;0;0;0;0;0;0
Sabin Merino;ATH;7;3;0;2;1;0;0;0;0;0;0;0;0;0
Saborit;ATH;5;2;1;3;4;0;0;0;0;0;0;0;0;0
Sadiku;LEV;2;2;0;2;2;0;0;0;0;0;0;0;0;0
Salem;VIL;0;0;0;0;1;0;0;0;0;0;0;0;0;0
Samuel;MGA;2;1;1;2;5;0;0;0;0;0;0;0;0;0
Samuel Umtiti;BAR;8;5;0;8;3;1;1;0;0;0;0;1;0;0
San José;ATH;17;5;1;20;12;1;1;0;0;1;0;0;0;2
Sanabria;BET;22;13;0;6;5;8;7;1;2;0;0;4;0;0
Sandro;SEV;20;10;1;10;10;0;0;0;0;0;0;0;0;0
Sansone;VIL;10;7;1;10;6;5;5;0;1;1;1;1;0;0
Santi Mina;VAL;33;20;2;19;9;12;12;0;2;5;1;5;0;0
Savić;ATM;1;1;0;4;0;0;0;0;0;0;0;0;0;1
Saúl;ATM;39;9;3;59;37;2;1;1;1;1;0;0;0;0
Saša Lukić;LEV;2;1;1;15;6;0;0;0;0;0;0;0;0;0
Serantes;LEG;0;0;0;0;0;0;0;0;0;0;0;0;0;0
Sergi Enrich;EIB;26;11;1;4;3;3;3;0;0;2;0;1;0;1
Sergi Gómez;CEL;11;2;0;1;2;1;1;0;0;0;0;1;0;1
Sergi Roberto;BAR;7;4;7;54;22;1;1;0;0;0;0;0;0;0
Sergio;BAR;4;4;4;18;5;1;1;0;0;0;0;1;0;0
Sergio A.;CEL;0;0;0;1;0;0;0;0;0;0;0;0;0;0
Sergio León;BET;46;28;1;20;24;11;10;1;3;5;0;2;0;0
Sergio Mora;GET;4;0;0;0;1;0;0;0;0;0;0;0;0;0
Sergio Ramos;RMA;27;14;1;9;2;4;4;0;0;2;2;2;0;1
Sergio Rico;SEV;0;0;0;0;0;0;0;0;0;0;0;0;0;0
Sidnei;DEP;7;2;1;16;5;1;1;0;0;0;0;1;0;0
Simon Kjaer;SEV;7;2;0;1;0;2;2;0;0;1;0;1;0;0
Simone Zaza;VAL;57;24;1;13;35;13;12;1;10;0;0;2;0;0
Siovas;LEG;14;2;1;8;4;1;1;0;0;1;0;0;0;0
Sisto;CEL;39;19;9;75;56;5;3;2;0;4;0;1;1;0
Sivera;ALA;0;0;0;0;0;0;0;0;0;0;0;0;0;0
Sobrino;ALA;23;13;2;25;14;3;3;0;0;2;0;1;0;0
Stuani;GIR;64;37;0;15;12;21;21;0;1;9;5;10;0;0
Success;MGA;4;1;1;23;15;0;0;0;0;0;0;0;0;0
Sulley Muntari;DEP;3;1;0;0;0;0;0;0;0;0;0;0;0;0
Susaeta;ATH;18;12;2;37;35;3;2;1;0;3;0;0;0;0
Szymanowski;LEG;15;6;2;7;10;2;2;0;2;0;1;0;0;0
T. Pina;ALA;8;3;0;19;3;1;1;0;1;0;0;0;0;0
Tana;LPA;10;6;1;19;18;1;1;0;0;0;0;1;0;0
Tello;BET;27;16;3;42;20;4;4;0;2;1;0;0;0;0
Ter Stegen;BAR;0;0;0;1;0;0;0;0;0;0;0;0;0;0
Theo Hernández;RMA;2;2;0;22;18;0;0;0;0;0;0;0;0;0
Thomas;ATM;18;3;0;45;8;3;1;2;1;1;0;0;1;0
Timor;GIR;9;5;0;1;2;2;1;1;2;0;0;0;1;0
Tito L. R.;LEG;1;0;0;1;2;0;0;0;0;0;0;0;0;0
Toni Kroos;RMA;31;17;7;24;8;5;2;3;2;2;0;0;0;0
Toño;LEV;1;1;1;24;7;0;0;0;0;0;0;0;0;0
Toño Ramírez;RSO;0;0;0;0;0;0;0;0;0;0;0;0;0;0
Tytoń;DEP;0;0;0;0;0;0;0;0;0;0;0;0;0;0
Unai Núñez;ATH;19;2;0;17;3;1;1;0;0;1;0;0;0;0
Varane;RMA;9;2;1;9;2;0;0;0;0;0;0;0;0;0
Vermaelen;BAR;3;2;1;1;1;0;0;0;0;0;0;0;0;0
Vesga;ATH;6;4;1;7;3;1;1;0;1;0;0;0;0;0
Vezo;VAL;2;1;0;11;6;0;0;0;0;0;0;0;0;0
Vicente Gómez;LPA;8;0;0;7;6;0;0;0;0;0;0;0;0;0
Viera;LPA;32;16;3;64;34;4;3;1;0;3;1;0;0;0
Vietto ;VAL;10;4;1;8;16;2;1;1;0;2;0;0;0;0
Vigaray;ALA;4;1;0;3;7;0;0;0;0;0;0;0;0;0
Vitolo;ATM;13;6;2;34;16;2;2;0;1;1;0;0;0;0
Vrsaljko;ATM;3;0;4;11;12;0;0;0;0;0;0;0;0;0
Víctor López;ALA;0;0;1;0;2;0;0;0;0;0;0;0;0;0
Víctor Ruiz;VIL;5;2;1;5;1;2;2;0;1;0;0;1;0;0
Víctor S.;ESP;11;1;2;11;8;0;0;0;0;0;0;0;0;0
Wakaso;ALA;7;1;1;17;7;0;0;0;0;0;0;0;0;0
Wass;CEL;41;11;9;11;13;4;2;2;0;3;0;1;1;0
Williams;ATH;59;26;6;61;60;7;7;0;0;6;0;1;0;0
Willian José;RSO;67;29;4;18;10;15;14;1;4;4;3;5;0;0
Xabi Prieto;RSO;15;10;5;20;7;3;3;0;0;2;1;0;0;0
Ximo;LPA;3;1;1;36;6;0;0;0;0;0;0;0;0;1
Yeray;ATH;1;0;0;4;1;0;0;0;0;0;0;0;0;0
Yerry Mina ;BAR;2;1;1;1;0;0;0;0;0;0;0;0;0;0
Yoel;EIB;0;0;0;0;0;0;0;0;0;0;0;0;0;0
Zaldúa;LEG;8;3;0;31;26;1;1;0;0;1;0;0;0;0
Zdravko Kuzmanovic;MGA;1;0;1;2;0;0;0;0;0;0;0;0;0;0
Zurutuza;RSO;11;3;2;14;8;0;0;0;0;0;0;0;0;0
Álvaro ;VIL;15;3;2;2;2;0;0;0;0;0;0;0;0;0
Álvaro Jiménez;GET;7;4;1;13;22;1;0;1;0;0;0;0;0;0
Álvaro Medrán;ALA;10;6;0;18;12;2;2;0;0;0;0;2;0;0
Álvaro Odriozola;RSO;6;5;4;32;55;0;0;0;0;0;0;0;0;0
Ángel ;GET;55;31;2;22;25;13;10;3;0;10;0;2;0;0
Ángel Correa;ATM;39;27;4;69;58;8;6;2;0;6;0;0;0;0
